text,sentiment
@chrishasboobs AHHH I HOPE YOUR OK!!! ,neg
"@misstoriblack cool , i have no tweet apps  for my razr 2",neg
"@TiannaChaos i know  just family drama. its lame.hey next time u hang out with kim n u guys like have a sleepover or whatever, ill call u",neg
School email won't open  and I have geography stuff on there to revise! *Stupid School* :'(,neg
upper airways problem ,neg
Going to miss Pastor's sermon on Faith... ,neg
on lunch....dj should come eat with me ,pos
@piginthepoke oh why are you feeling like that? ,neg
gahh noo!peyton needs to live!this is horrible ,neg
@mrstessyman thank you glad you like it! There is a product review bit on the site  Enjoy knitting it!,pos
@PerezHilton Zach makes me pee sitting down! And I'm a grown gay man! ,pos
to sum up my day in one word ......... kackered! ,pos
@k9wkj Great minds think alike ,pos
Is Poorly and in bed! ,neg
"@LilPecan Oh, that's really great  Here we have a small blizzard and also cold wind blows...",pos
"@wizely lol, calm down.  i got a 30day loan offer for only 1500% ",pos
"i'm feeling quite sleepy today, wish i could stay in bed today...but OK! is my LAST YEAR, so let's go to school ",pos
@nadalnews Yeah  Mathieu totally choked in the 3rd set to let Rog win as well. Djokovic played TERRIBLY.  ,neg
"ugh, morning's off to a rough start ",neg
just bit my tongue ,neg
@frandrescher Apparently you dont have time for ur fans!!!!!!!!!! ,neg
Whaddup Whaddup Whaddup Whaddup Whaddup  I Got white girl swag from MY HEAD TO MY shOES Whaddup @yungla ,pos
"@GogDog I'd be willing to pay $40-50 (thus covering the cost of the set) for one of them, but if you've got a counter offer I'll listen. ",pos
Working on photos from Hillsong's 1 year celebration!!! stay tuned   www.hillsong.co.za,pos
"baby's chicken pox are soo bad on the face, I am afraid she might have scars ",neg
i don't feel good ,neg
@edadkins ha ha I want to see pictures from when you were a minister!!!  *boobie flahses*!!!! ,pos
This day will pass slowly.  All of these days will.  RAWR!!!!  ... ,neg
my car is poorly ,neg
im turning 18 one week from now  but i don't feel excited  i really don't know why i've seen my friends  they got excited  but on my part,pos
No woooooork tomorrrow&amp;tuesday ,pos
Flatmates are still in the bathroom! ARGGH!! ,neg
I'm having an allergic reaction to silver earings ,neg
"@RocDoogie I am, I'll admit...  maybe I'll feel better tomorrow, yo! Down 4 studio time??",neg
"@jasonhooha Going back to sleep is such a great idea, unfortunately I'm already at work notebook-less ",neg
what is with msn making me click the wrong people. garrrrr ,neg
Too full of fizz but not enough cider ,neg
How to Get Your Ex Back (worked for me  http://bit.ly/ec8qJ,pos
Time to sleep... Long day again tomorrow ,neg
Hahaha blakk is reckkkin it. :p throwwwwwed. ,pos
Cubs game today! My first ever ,pos
@SuzySpaatz ~ hi! sounds like you're feeling a bit better...that's great! you have a great day! ,pos
@foprof LOL.  Leave a kid on internet and the kid will do stupid things.,pos
eating cha with eric ,pos
"@StarJonesEsq On a good note, we DID meet at Marty Richards RED BALL a few years ago, you were so sweet to me I'll never forget it ",pos
My hands are officially tied. I don't think I'll have time for anything anymore  This includes the California meet ,neg
"@Konstantine I said &quot;scar,&quot; sweetie. ",pos
@CamilleJ it was supposed to go live on tv but it didn't happened in the end  that would have been cool being on the bbc...,neg
FCK-Brï¿½ndby 4-0! ,pos
@team_allen jealous!  I'm yet to find a local chinese i'm satisfied with ,neg
@BayAreaCheap there r a few of us local yocals around  happy to find u on twitter 2day,pos
"just back from SuperCheap - a most successful trip. The bikes are tanked &amp; checked for the week, so all ready to start relaxing ",pos
@ElleChanel want to shoot...but i'm not in charlotte .. ,neg
@sephrenia1982 good work ,pos
@KingdomGuard welcome new cd out this week...maybe even tomorrow! ,pos
@CatholicChicks hate bein on the phone that long ,neg
"If anyone wanted to attend TEDMED but can't make the date, I'll happily take your place, and will live-blog it for you too ",pos
@melbgirl It means the same to us!  #GoCats,pos
"beach this morning,bbq this afternoon. Back to school/work 2morro ",neg
@joshlam and you are how old?? REALLY?!? ,pos
@bing siteowner custom search box fail... &quot;market&quot;:&quot;en-AU&quot; does nothing - it still targets US search   should be &quot;only from australia&quot;??,neg
Watched Crank 2.... awesome ,pos
@TheUncoolest ,pos
Night in with the rock star...  ,pos
@BATYASMUSIC Don't really have a reason.. haha sounds stupid. I'll be 14 ,pos
first night in myers. just not the same w/out lydia!  but i'm actually excited about this summer! ,pos
"my tooth is sving, and I cannot see my dentist for a week ",neg
cant sleep got heartburn really bad ,neg
Off to Whipsnade  Hope it's dry,pos
Going To Bed ...My Ankle Hurts ,neg
hates the fact she scanned the wrong passage in all those commentaries she was going to use for her essay ,neg
I shame the name of female  lol Alright. Shower then sleep then get up in like 5 hours.,neg
"@disil429 Fine. Kinders coughing again, so not a lot of sleep. Weather's good, though, that's the main thing ",pos
Listening to the Nutcracker.  Who says it's only a Christmas thing?! ,pos
"i miss him, i cant wait to see him, im happy ",pos
@tristanwilds are you missing me? i'm missing my tuesday nights of 90210 ,neg
"@mithss mourniiiiiiing eh, morniiing!!! ",pos
@pamelaong Glad the blog helped ,pos
Awesome pumpkin! Your famous ,pos
"@ScarlettHarlott Sadly , I've never seen a single episode. I know , I'm fired , right? ",neg
@LucasGo Haha. I will! o.O Hows you?  Long time no @ reply.,pos
"@PaulaAbdul awww, Good luck Paula!! Please don't work too hard  but I hope you have fun  Your new album is gonna be amazing!  xxx",neg
Seattle PRIDE will be June 28th at 11am.  Come out and support your community! March with the marriage equality contingent! ,pos
"@Lujee seriosuly, the second one &quot;since I'm already a mid. class dude and would work for food&quot; ",pos
at school...listining to die Ãrzte - Westerland...great song really..btw i'm so tired...i sleeped between 02:30 and 05:30..thats bad ,neg
I am so hungry  I hate not eating breakfast!,neg
ewww if i work at fazoli's i have to year a viser...and ugly shoes...and a pony tail...and no nail polish ,neg
@ZippyC NO. IT'S FULL OF WIN AND I LUV IT. &lt;3 I've been meaning to catch up to where it's at now for ages. NOW I HAVE. ,pos
Oft. As finished as I can be. Can I relax and be on holiday now? I think I've missed the acceptable slot for lunch. ,neg
@ItsNeet 100%.. its like getting an A for all your classes.. ,pos
"@seblefebvre Hi Seb! I'm a spanish fan of you.I'm addicted to SP and I think it's the best band in the world!please, come to spain early ",pos
Home from soccer. It's so hot out there today. We have retreated to the coolness of the basement. ,pos
i have find my someone ,pos
@marqueshouston We are the &quot;Fugazi Patrol&quot; &amp; our motto is &quot;If u see a clown point em out&quot; please let everyone know about us ,pos
it is ginormous... Haha well i  feel wierd talking about myy ziiiit  ta ta  good nightt,pos
I'm obsessed with twitting  haha,pos
One interlock down one to go ,pos
"ugh...summer colds are the worst, esp when you have a fever on top of this ridic humidity ",neg
I miss Zack so much these days ,neg
@dbferguson I'm using an Asus. Forget which one at the moment since I don't have it near me.But my complaints are similar to yours. ,neg
"@powersurf OH I've Got a case. I designed it. Someone idiot stole it and I can prove it. If they want to play hardball,I'm game. ",pos
my thumb hurts after breaking the nail.... ,neg
"@amymacdonald1 Congrats on the 4x platinum  It's a fantastic album, one of my favs",pos
"@JosephFrost Yeahh, that would be pretty awesome. ",pos
@benlizzotte so i think you should work for the discovery channel b/c then it would be media AND sharks! ,pos
"@paddyrules home is mums house lol hm maddens could be a plan, am actually stone cold broke atm tho not even sure i could afford door fee ",neg
@MandyyJirouxx that page doesn't exist ,neg
fighting a cold. ,neg
@greeleyalex  aw im jealous! I miss home. I wish I could be home in CG right now! Watching spanish tv with my Gparents,neg
@aleshacal my phone is dying  no charger here!,neg
@mileycyrus Green Day new cd on the 15th and you on the 16th. woo!! ,pos
my tv always freezes while i'm watching inbetweeners ,neg
@softjunebreeze Ex-factor.... Me too ,neg
 Back to school on Monday...Well I did get an iPod Touch. @shmuxel + @randomized180 See yah tomorrow then I guess ,neg
@LisaAnneWest i missed it  have to catch up on sunday ohh ye so  fancy ldn on sunday? xoxo,neg
tried to check out your site @poeticmindset ... not working ,neg
Watching Wayne Dyer's new program on PBS &quot;Excuses Begone!&quot;. Lower mainlanders can check it out on ch. 27 or 204 on Shaw! Peace ,pos
pimples attack! Arghhhhhhhhh ,neg
"has to pack, stillll. and doesn't want to.. ",neg
@snikkins How dare you get some before I have a chance to. You're no longer my friend ,neg
"Can't stop listening to the clips of @Jonasbrothers new album Lines, Vines and Trying Times its so amazing can't wait for the whole thing ",pos
about to pour in orlando ,neg
"@carriecruz I know! I don't think they air it on any of the cable channels anymore, but you can download them from the net ",pos
@AprAnaya  you will !   check the website so you can have an idea as to what product u want to try . I will sent u the email tomorrow ,pos
@annieomnious    can it be fixed?  can we make a new simple one mayb?,neg
blÃ¤Ã¤ i have a headache ,neg
Has just joined Twitter.. It better be good! ,pos
Where in Singapore do they sell Dujour? ,neg
"#iranelection The &quot;yellow Press&quot; is alive and well in the 21st century, how quickly we forget the USS Maine ",neg
haven't been on all day  went to bed late last night!,neg
"where's all the rain we were supposed to have today? not complaining tho, it's lovely &amp; bright. very happy making ",pos
"@claire_stokoe thank you, it only took me two minutes, thankfully the style of envirowise.gov.uk was already there for the taking ",pos
ps: i think twitter sucks if you dont have free unlimited texts. ,neg
"@xDorkyStacy Ha! THAT SOUNDS SO WRONG STACY! lmao  i love you. and when I take one, I'll think of you too. haha, and on youtube. ",pos
@gwyn007 @waz7710    no no really its ok! u try em out and then u can see which works and doesnt  by that time its to late,pos
Who else misses Parade the day incredibly much.. ,neg
I was caller number one. ,neg
@StewartWade ditto!! Goodnight &amp; rest well!! Go play the lottery! I bought a ticket when I was n FL last week but no luck! ,neg
"Mornin every1! Hope all is well I'm your worlds. I'm not sure why I'm at work at 7:45 this mornin, but I guess Its not all bad ",pos
should be going out but wants to stay put to participate in @RichardWiseman experiment - might have to do it by txt. (no photo part) ,neg
"If you can take criticism and blame without resentment, YOU'RE PROBABLY THE FAMILY DOG  see... http://jijr.com/hitZ cheers, Lou-ann",pos
"@TeeMonster Sorry, I know I'm late responding (15hrs  timezone troubles) but I think you would need to load Audacity to your compy",neg
History exam today and dreading it ,neg
After seeing mr. benningfield tonight it really made me start to miss my vand family like hXc  i love you band geeks! &lt;3,neg
Just downloaded a new Twitter app for my phone. So much better already. ,pos
I seem to be making a habbit out of not falling asleep until very late ,neg
There was a steady stream at my polling station mostly old folks surely they wouldn't vote for the fascists ... Are people that stupid? ,neg
Missionaries had passport problems. Still havn't arrived  ya'll pray!,neg
had a very good night ,pos
"Enjoying the morning just hanging out with Juliet in Victoria. She doesn't know it yet, but I'm taking her to see Il Divo tonight  #fb",pos
Off to the Miss Bikini Philippines pageant. Thanks to @veggiecircle for the ticket! ,pos
i'm going global .. ,pos
They are gone .. ,neg
Friends with scott again ,pos
I think that my lovely brother @ScottyHolloway should take me and his lovely sister @Ho11y to Old Town for some dinn dinn &amp; margaritas ,pos
Roast in the cooker and cakes in the oven soon.  Good morning!  Hope everyone is well today ,pos
Wooo I picked my sister and I miss the empty house. ,neg
@aleahhh season is almost done with babe ,neg
off to work    byeee xox,neg
@alexandramusic Diversity won! damnn i wanted flawless to win ,neg
printin stuff for my aunt. dont ask y its so late. i forgot 2 do it earlier. ,neg
 can some one pleease tell me how to work out the total surface area of a square pyramid? ,neg
@DENISE_RICHARDS love your hair  dont ever cut ur locks ,pos
@okse *Phew* Hate to think you and Colin had fallen out! Glad he's smiling for you. Hip Hip Hip Hooray!! ,pos
@Dee_Dee_3 high low ,pos
"And the motivation came!  yay! Not finished yet, but well on my way!  Gonna go finish it. xx",pos
Still cant get Jonas Bros tickets..dreading facing my niece later on ( I can see the tantrum now). Hope they put on another gig in Dublin ,neg
"I though the clothes of AW0910 Collection from +9 designers will be there, together with the visual arts, but it is not ",neg
On schedule now to soft launch tomorrow evening - already have first customer - lost cat ,pos
&quot;Thank You [Lord] for reminding me to see myself the way You see me!&quot; ,pos
@CharlieeSimpson I Was Looking at an Old Poster From Busted The Other Day  You Had Really Short Hair And Everythng   Young Ta Old ,pos
"Ugh, so bored today! ",neg
home from a long day of work. i wore heels from 11am to 7pm. i must be crazy!! came right home to soak the feets. lol who wana rub em? ,pos
Still at work  This entire week has felt like an extremely long and awful Monday!,neg
Upgraded iPhone to 3.0 but seem to have weaker link to tamu wireless ,neg
morning twitterland...off to work i go ,neg
@Debbiebarnhill I'm such a plantaholic.... I spent several thousand $s the last few years planting at my brothers lake cabin - he sold it ,neg
Trying to learn some &quot;PHOTOGRAPHY&quot; ,pos
@KrisAllenmusic I'll be sure to vote for you in that competition.  A star with your name on it would go well with your Idol Trophy!,pos
already miss baby donkey ,neg
@kpsomotragos I have it on good authority that we'll be getting it around 3am. ,neg
Just heard gun shots in my neighborhood!!! ,neg
Just watched hella home movies with my aunt and uncle. I miss the days where our whole family got along ,neg
I am sooo tired!! My eyes literally can't stay open ,neg
I hate word challenge on facebook! ,neg
is sad she couldn't go out with her girls tonight  It's been too long....,neg
PACKING SUCKS! i miss my Lee ,neg
O how i love you sammoons  o how i do. ,pos
"Wants a free doughnut, Krispy Kremes are so expensive, but 10 million times better than other doughnuts. ",neg
new phone  tattoo on monday! Woo.. just had tea. yummy.,pos
waiting for my hoe to come back ,neg
"i just cried a lot  im so over that all , and i cant hear it anymore...",neg
Trying to get on facebook!!! ,neg
I want to post lol cats on here but I can't ,neg
@RobbieTaylor I have no comment about who won the game until this replay is completed. ,pos
Thank you everyone. I seriously am I lucky guy to have such great and lovely friends. Let's keep in touch  chuckishere.com at #LAX,pos
friday gimmick in the office  but always looking forward for the weekend!,neg
TALK meeting tonight at Tampa Chamber at 6pm with @WOMlinda as guest speaker on Word of Mouth Marketing! Happy Hour after @ Tinatapas ,pos
successfully obtained  visa entries to enter  and stay in the Royal Kingdom of Thailand! ,pos
Downtown Disney ,pos
missing my mom ,neg
A little sad  pretty bad news and feel too much insecure about my playing.,neg
@HuniB oOhwee naw i just been chillin tryna get use to this new work schedule of having to be at wrk @ 7... ,neg
@juzgalvez Hahaha! Don't be scared. They need fresh minds and you're it. ,pos
grandparents arrive tomorrow... good nite ,pos
that was a good chat!  keep u posted guys...,pos
@BrokenStruggle to much waffle &amp; not enough drinking going on. he's a less annoying version of numpty! &amp; he's not you which makes me ,neg
@theclimbx3 i knooow  its the pizza girl episode xD &lt;3,pos
"Random drunk girl sitting by my car: &quot;Is that your man bag?&quot;  Me: &quot;Yes, that's my man bag.&quot;  BTW, its name is Butch  ",pos
lots of cool ppl  ~~&gt; @actionchick @thewildjoker @walterdoc @JGDemas @amilya @williger  #followfriday,pos
Alright this is my debute twitt  yay lol,pos
@Spitphyre girls i am outta it then  my exams,neg
Why do peep toe shoes hurt so bad ,neg
@Alyssa_Milano do celebs get more characters than the rest of us? ,pos
need to charge my mac... ,neg
Keyshia cole loves bebe too!!! ,pos
@dstarr I want my bed  x,neg
"Dang it....BRB....have to get the cake, candles and ice cream out and sing happy birthday to my niece. Sweet 16 ",pos
"@StiffValentine Olympus E-410.  Besides the recent digital lenses, I also got an old 50mm OM lens which mounts via a simple adapter.  ",pos
"is going to watch the brewer game, eat soup, play sims and sit in a vaporizer filled room. stupid cold. this sucks. ",neg
Hmmm.... My whole body feels sore! ,neg
@Venyadosae I'm sooo happy you'll get to re-take penguin pics! I collect penguin stuff and am a penguin FREAK! Can't wait to see ,pos
"My server has been going down lots lately, it makes me a sad WoW player  lol",neg
how would you feel if @taylorswift13 was in a GoBernos video? eh eh ,pos
"@timdifford cheers, I spotted that - couldn't find it on the App Store though ",neg
sore throat ,neg
He'd go anywhere with me ,pos
@LexiePixie your tarot twreading is next. ,pos
@Bowl_the_Bunny lol love how we put some in stars: *some* haha...*crosses fingers* i hope you get more ,pos
This tea taste like pure WATER!!!  Yuck!,neg
sad that it's not my birthday anymore and that my balloon is deflating ,neg
"Great to get bk online, my own net was down ",neg
St Andrews is scaring me. ,neg
Finally done work YAY ,pos
@DTatStar not nice  lol,neg
i aint alive....im just breathing to death ,neg
Sorry you missed it. Good night! ,pos
oopss did that twice  D: im such a silly moo.,neg
"@acj525 mummmmmmmmmmm,  can you put the pizza in the oven ",pos
@ibbypop haha yeeahh yeahh you know its only till 2:30 so its not too bad! ,pos
@Jagusti shit! I thought it was months away  I'm not in Sheffield this weekend ,neg
@Shadez mmm...i wouldn't mind li'l Katy's either.. ,pos
On a JEW mood. Downloading Futures. Chase the Light naman mamaya. Haha. ,pos
Wishes @kirstiealley a Happy Mother's Day! ,pos
"More rain due, ugh, going to a graduation today and was hoping the kids could go swimming ",neg
woke up early today...dont wanna go to school tomorrow... ,neg
I can't seem to fall asleep tonight ,neg
"#EU09 In 5 years we need a best coverage. World, take a look here, yes, here, Europe is moving ",pos
That should give you happy thoughts ,pos
@monzongo2009 OH NO!!!  Get well soon   I'm trying to get well myself in the midst of Merola.  Sending you virtual antibiotics ,neg
Dam texts woke me up ,neg
"I could seriously go back to sleep  working 3-11 tonight w/ mitch...but toni won't be there...it's not the same, but i hope it's fun! ilu!",neg
eatin an icecream ,pos
"@FifthSenseNYC I'll be giving the Mark Birley a wear later this week, even though I'm not a &quot;quiet man&quot;. ",pos
happy birthday to andy hurley ,pos
Hangin with my bestie suzi ,pos
" FML.. today sucks.. i just hope the dance will bring my soul up.. i pray, but im still sad..i hateee todayyyyyy!!! &gt;;(",neg
But I will follow ,pos
I'm saying good bye to a good friend tonight... kinda sad ,neg
my last nite in work for weeks.....ah im in such good humour ,pos
"My Sonic skills have not improved... Running, fine. Spinning, awesome. Jump from platform to platform? The fail whale grabs me ",neg
"saw a red balloon flying outside my window. somewhere out there, a kid must be crying because the wind blew his balloon away... ",neg
Working today. Closing. 2 - 11. Missing out on Ming's birthday dinner/party. ,neg
@JoshBkelley just wanted to say the youngstown girls miss you  .. &amp; what happened to tell it like it is on itunes? cant find it!,neg
Ahhh...I finally don't have to keep 5 guys happy...I get waited on tonite ,pos
hope you feel better mommy  I love you :X,neg
@KandyChazer it is...but i was told i was gonna be entertained and i wasnt ,neg
yay! just realized i'm not driving this trip and can do all the twittering!  ,pos
"@amf7 Thank you for reminding me! I actually have something in mind given the date. Hint, it's Star Trek related. ",pos
We should have brought a flask with v0dka. Hahaha. ,pos
Just got pulled over on 36. I am fucking terrified of cops. My headlights out I guess  mew.,neg
gotta go check/console/convince 2 yo to stay in bed and that he actually WANTS to go to sleep... 20 min nap in car= past his sleep... ,neg
@cali_g510 ok   I got you!,pos
Changed the background on here. About to go watch 'Mary Shellys Frankenstein'.  Add: http://bit.ly/4Qhlv,pos
"@MANDY_EMMERSON I know you do, Go TEAM GB ",pos
"@sdministry Hey scott, Its Ashli from Shelby County, We met when Rick and Mick were in town. How you been? It been awhile ",pos
@temptationdice why did my family decide to have a family gathering?  i see why you hate them. -.-,neg
@kerryjor Happy Birthday!  Enjoy the cougar years - roar! ,pos
I work 9-6 today with bitch boss ,neg
  DD has pinkeye...not fun.,neg
3 little birds pitch by my door step singing sweet songs of melodies pure &amp; true sayin dis is my message 2 you: dont worry about a thing ,pos
Church of the Highlands @ 11:30 in the Bryant Conference Center! BE THERE!   ,pos
Off to london biggin hill ,pos
definitely just failed my exam ,neg
@Burlesquetron oh sorry I didn't see this tweet further down sorry. unhappy DD = 4 champers 4 me + looking 4 hair dye in back of cupboard ,pos
@laurie_pringle I mention it in the blog post. It's in Vancouver. ,pos
I am soooo happy!!! ,pos
@Itxi_Itx @th3maw  This is a great conversation.  What else might you do with your sheets during the act of love?  eh?  eh?  ,pos
mark cubans doin handsprings right now- the &quot;punks and thugs&quot; are sinking.. but he's not looking forward to paying dirk's child support. ,neg
@lovelyberries haha you can cuddle with me anytime ,pos
had a lovely birthday.  http://plurk.com/p/xedq0,pos
@judez_xo ugly kids there?  woahh where am i then. ,neg
@canadianfamily The best thing about my Mother's Day was my son. And the card my husband got me 'from' our 5.5 week old son. ,pos
Just got off the  â  Misery loves company..... Haha,pos
ugh sdre isnt coming here  lame. today can suck my dick.,neg
@andyclemmensen tv on mute cause its boring but then ipod with speakers on timer  now thats how its done.,pos
TWO More weeks and its back to work. ,neg
is healthy breakfast then back to geography revision ,neg
off to sleep. GOOD NIGHT WORLD  hope it'll not rain tomorrow.,pos
Kylie's being a bad girl today. ,neg
@LaYdeeDeliSh he's definately a strong lil guy! ,pos
I watched UP! This time I cried  It's really sad and hilarious ... That movie totally rocks!,neg
just booked my driving test ,pos
i've been working for more than 24 hours now ,neg
"@ddlovato I wish I was a celeb like you, Miley Cyrus, Selena Gomez, Taylor Swift, and all those pretty girls out there! ",pos
I can't believe the last survivor of the Titanic died...that's really sad! ,neg
Starting to wonder if my future landlord is crazy or prejudice against americans.. this may not end well ,neg
@kiniaq and the reasons are never wrong my dear... they are absolutely lovely  wow,pos
@lexia well done on all your reporting.  Haven't been vocal but have enjoyed and appreciated your work. Cheers lady. ,pos
I would love the 85mm 1.2 .. but would settle for the 85mm 1.8. I'd also love a 1Dsmark3 for it to sit on ,pos
@AngelIVXXX very good price ,pos
@MrRathbone You have many friends here who will walk with you through the dark and the light. Smile ,pos
soo hungry! hot dogs with all the fixings? sounds yummy ! ,pos
is having a bad day - email not working properly and looks like the 10km run is off for me ,neg
@officialnjonas you speak my name in chat? please?I am a big fan your...follow me? ,pos
"The Tonight Show w/ Conan was AWESOME!!! I missed that tall, pale, red-headed man! ",pos
"@Hail_Mary_Jane: never date anyone who's on twitter, then you can't tweet about how whack they are.&lt;----sooooooooo true ",pos
I need someone to talk to!  Who can that be? ,pos
@BrianMcnugget still your old joker kinda self...im glad...i kinda miss it ,neg
un vot pe blogoree pls: http://bit.ly/ueUb6   Multumesc! ,pos
"Dear baby, I can't wait until your teething days are over. ",neg
"@ninasplayground LOL, I didn't know it was on  OF COURSE if watch that dumb bitches show ;-) like a train wreck... Can't stop watching ;)",neg
@imPLastic ,pos
"BlackBerry troubles all over.. fortunately enough I don't have one! My HTC Touch works fine, for almost 2 years! ",pos
@MeganBull how do you know how much your twitter profile is worth?? haha...or was that a joke? ,pos
http://mobypicture.com/?yxykxt - I knew it from the start. It's a two year old t-shirt by now. Always makes me pleased to see though. ,pos
I had Wendy's before this. That was a bad choice   http://twitpic.com/6vlkp,neg
@cjm55 Thanks!  ,pos
"why do people not just try to understand instead of getting pissed off  when someone needs you, its cause they love you...",neg
@Castiel_ yeah. totally. ,neg
@Lumiel Aren't you sweet? ,pos
CDC Vaccine Advisor Pockets $29 Million Promoting Vaccines -  http://is.gd/M7Q8 - MORE ELITIST SCUM VACCINATION PROFITEERING - Sorry ,neg
@MissChriis i don't know how to celebrate yet. lol but i'm very excited about it. ,pos
@windsorj Poor thing  Hope you feel brighter soon x,neg
Ah. The perfect summer day was ruined by the rain. Too good to be true.  but its still hot as hell. I feel sticky and gross. Long day. Ha,neg
 i gotta work today,neg
@nowamunkie My pleasure. ,pos
Blood Brothers was Amazing.  Got my program signed by the cast  Got a Picture with Sean Jones. ,pos
bob to the top high school musical porno. ftw ,pos
@DavidArchie I'm running a fever  If you gave me a shoutout I swear I'd get better! (HINTHINT!) HAHAHA.,neg
"@edicius during this Stanley Cup match up, yes, I am a Pens fan. ",pos
"@besz I will tell you on Thursday all about Tuesday, I promise. How bout I skip all this, and just eat the monkey for breakfast? ",pos
I thought it was meant to be a hot summer  to mean rain doesnt mean hot.,neg
@Wolfie75 Welcomes home  Glad you had a fabbo time!,pos
doesn't know what to do with himself today... but might get some blonde put in his hair for summer ,pos
"kick  butt, Chuck has been renewed for a third season.  Sucks only 13 episodes though.    http://tr.im/lF45",neg
just wants to get it over and done with. I miss working ,neg
@Boy_Kill_Boy Anything for first class tix ,pos
"@Jason25329 Sorry to hear that  but hey, you're eating well at least!",neg
Phew! Done rewriting the 1st bit of my results to order. Reread comments from bosses to ensure I'd incorporated them. Had. But sad now. ,neg
morning tweeple  hope you all have a great monday,pos
"Home and off for hopefully, a sunny weekend ",pos
"@innocent_eyez26 OMG :o ahahaa. oh well, thats common there  hihii",pos
packing up my room... ,neg
CEO is on the floor today. Need to be careful while surfing today. It's all work and no play day. ,neg
hitting the gym!  its bout time,neg
"Wife just left on a motorcycle ride. I still need to get my Washington plates , so I am at home, Drat! ",neg
@TwilightilDawn Oh man I want palm trees and the beautiful ocean! Not cow town CO  Follow @peterfacinelli @billy_burke,neg
#musicmonday King Blues My Bolder ,pos
"I have a 1,500-word deadline in 2 days, stacks of research materials are surrounding me, and I don't have a clue how to start  Need coffee",neg
@gfalcone601 well at least you had a great time and thats what's important! ,pos
"Oh and more car FAIL, after all the work i had done Fri., the Check Engine light went on just as i got home last night ",neg
@itwittmyclit I'm jealous. I wanna nerd out ,neg
"@PiKaHsSo Sup fam? Hope you have a GREAT weekend! Keep doing what u do, we appreciate u ",pos
http://twitpic.com/4eg0i - Before his hair cut. I just wanna kiss that little face all day long ,pos
@mike_rhodes r u romeo from somewhere? ,pos
Only problem with Google Chrome: no foxkeh ,neg
Figuring out how to live a life where I'm my own boss... fun ,pos
"CAN YOU SAY AFTER 30 HOURS OF TRAVELING IM FINALLY IN ARGENTINA?! yes! oh hello Buenos Aires, how i love you ",pos
@dawnmcwilliams Saha ,neg
I don't feel well at all. Dizziness and vomit. No fun ,neg
"I want to drink tonight,, want a cosmopolitan ",pos
@dance2jeffreee I have already watch that video lol ,pos
Everytime she stops talkin or replying for hours or days it is like she's leavin me all over again ,neg
is off to work til 4! Happy Hump Day! ,pos
@girl_alex ....  Hope you're okay?,neg
"i made 29 updates today, my record xD talk to you tomorrow bye ",pos
@disco_di aww tell me about it!!! its just not the same  hope you have a better day,neg
"@SomeWriter Hey, great minds think alike! ",pos
Mother's Day is a traditionally time for BBQ here ... unfortunately I don't like BBQ at all  ... but I am also not a mother ;-) ;-),neg
back from school w/ @_gerardo. Making a grocery run w/ @kellan_craddock before celebrating @chadachi's 22nd birthday with a barbeque. ,pos
Summat to make your laugh today http://budurl.com/beckhams ,pos
"regretting not wearing sunscreen today, spent 6 hours walking round Kew Gardens during a mini heatwave. Healthy glow is an understatement ",neg
Shot after shot. Alc is lying to me ,neg
@kirstiealley Prizes are good! ,pos
"Everyone follow @JKitsJena because this twitter is fawked, pleeeeease and thank you ",pos
@ the booptys crib watching chucky 3 with the little one my boopty aint feeling well ,neg
im off from one job and now im off to my next one. i wish i was rich and didnt have to worry about money. but i have to cuz of my son.   ,neg
"@BT_broadband Ah, well, we're both in the same boat then. I switched because they were throttling the speed every single night. ",neg
and @thedebbyryan http://www.debbyandchrisryanfansite.webs.com/ is WRONG tha page dont found  follow us -we r ur team TEAMofDEBBYRYAN,neg
@tonyrobbins &quot;paradise is where I am.&quot; he also said ,pos
@Guitargirl5595 yeah so now i am all bummed cause now i dont have college anymore ,neg
@TomboyTigress  you told me you LIKED my marshmallow fish. *runs off crying*,neg
is back at the hotel. wifi doesn't reach the room  http://plurk.com/p/rnauu,neg
"Im a very open girl and if you remain respectful, we will have a lot of fun  See my pics here http://sa9.us/HornySophie",pos
@jaimeeashley i demand a picture of the red hair please and thankyou ,pos
I will try to remember to Twitter from the George Strait concert ,pos
going to take some photo and ride my whole new bike~~ ,pos
good afternnon world althought the weather is bad i hate the rainny season ,neg
"Hai, anyone wanna hang? ",pos
"@victoriastevens yeah, i've started too ",neg
I have got to bid ou all goodnight tweeps. Need to spend more QTwith @Mike103g the miniscule before he leaves for the week ,pos
Tra la la la la!  might make a video later  see if i can be bothered ,pos
@SamanthaOfUM lol that would tiiiiight but idk about money situation! ,neg
I miss Ashley so much right now ,neg
i can't believe this is all part of my detox (it is) because i was so fine and now i'm talking all core wounds! oh my god! jesus help me! ,pos
is rockin' a minivan til the STi is ready. I miss it already ,neg
"Sooooo happy right now.  I &lt;3 my old high school friends.  Miss the boy already, though. ",neg
"@Young_SoulBlade hey, wassup? ",pos
it seems that I'm going to lose the big #lgp2009's feast   I hope you enjoy it as much as I did!,neg
@Shadows1990 Oh dear  should go out when your better ,neg
@samantha247 Luckyyyy. I want to ding dong ditch with ya'll. Jealous. ,neg
@Remy_Foster LOL I'm in your favourites 3 times!!! ,pos
"@Destini41 Have a safe trip, Desti, and have lots of fun!!! Hope you can tweet us a lot  And give @crystalchappell 4700 kisses from us",pos
@ryanstar http://twitpic.com/6ub7v - Great view ,pos
mmm taco doritos=heaven in my mouth ,pos
@MandyyJirouxx morning already ,neg
"MTV Movie Awards yesterday: congrats Robert, Kristen, Miley and the Twilight's makers.  &lt;3",pos
http://twitpic.com/8cwzd - the swimming pool of our hotel... that makes me dream of summer... in Vienna we have so far no summer ,neg
"Plans for today: Lunch with my darling Leila, getting my hair cut... Ok, that's the good part ",pos
@cocababy202 hahaha it washed all the sick off of me. ,pos
@SasaLoves I'm here princess!  Need to try to eat something before I drink. Still having waves of nausea - I should have napped ,neg
Issue of Echelon?..Are they behind some Botnets also? ..you can watch...http://tinyurl.com/c8dns8  ah..but dont think like that ,pos
"@IsadoraR hooray for your english being done , but we are screwed for everything else ",neg
No 12-hour coma today. I had a nightmare that shook me awake. ,neg
@SenseiRAM We missed you ,pos
"@jonasbrothers dear nick jonas, please teach me how to play the glockenspiel. that is just about the coolest instrument name ever. ",pos
3 hours till SD. longest trip ever. Never again. Ate a salad n pasta at dinner n couldn't even finish my pasta. ,neg
#goodsex get the itus ,pos
Watching ''The Cleaner'' &amp; taking care of wifey. She's sick. ,neg
Drinking coffee ,pos
Good morning everyone in this twitter world! Bangun jam segini mulu  http://myloc.me/23fl,neg
"Atlantis &amp; Hubble current location now is above Indonesia. Wave your hand guys, wave!  #fb",pos
Another loser: i lost the game  http://tinyurl.com/cfz2lj,neg
stuck at home in Temecula for the night  someone come save me pleaseeeeee!,neg
@rhyanoutrageous thank you ,pos
@MeiNg I'll settle for The Last Lecture by Randy Pausch instead. He is inspirational. ,pos
going to bed.  i wish the hubby had more time off ,neg
David started basic Wednesday and they took his phone for who knows how long... missing his voice and his kisses ,neg
@Curiosafmmb  Dave yeah I prefer David actually!!. Yes he was Bill from Kill Bill. From what Ive hearded he had hung himslef ... ,neg
@d33pak ya...but m missing my &quot;beeryani&quot; on the weekends ,neg
so bored !  i want the Sims to hurry up and download,neg
@persef I would gladly have him back in exchange for my sandwich though ,neg
"@Boyislost Ok im gona go  but I dont want to be close with anyone atm, sry if it takes a min to reply im at work so i have to hide twitter",pos
@aeroform Naptime for me. Can't keep my eyes open. ,neg
"fed up with Windows, so Ubuntu Netbook Remix Edition is now on Kaylee ",pos
I will never like getting up at 5 am  dumb work schedule.,neg
@DVDeMm Want my Amazon box to arrive.  Probably Royal Mail playing football with it!,neg
"@dougiedaydream well yes but with a trilby, red wayfarers and a vintage casio watch in tow. i thought i looked good. ",neg
@KellyOlexa it is like boxers under pants....It is to be FREE or not to BE FREE!!!! ,pos
@GoCheeksGo i tried to vote but my phone sucks and wouldn't let me ,neg
@mileycyrus voting has closed ,neg
@SashaKane - That's a great mood to be in. Do you mind if I borrow it for this week?! ,pos
@TheRealAD aw poor baby ,neg
Photo: suneoke: saddens me that sheâs taken  *tear* lol http://tumblr.com/xgo1z1owl,neg
Then - Brad Paisley ,pos
giving up on having a job this summer. Managers continue to fail to call me. Looks like its going to be a long broke year. ,neg
Rumours OS 3 being released when Apple employees get into work (9am). Therefore 5pm uk time ,neg
uni. home work ,neg
enjoying my week off...now comes the busy part... ,neg
"@BecM49 i am, thanks (: i'll put you in mine ",pos
"Checking in  Good morning twitter fam! I'm in Miami, up bright and early, ready to hit the gym! xo",pos
@NickHexum Please play Daisy Cutter+Jackpot+the rest of Uplifter in Atlanta. That'd be a pretty good 4th of July. ,pos
"Bank card fraud victim  $1,600 spent in 24hs. $400 at Celebrities, $400 at Richards on Richards and $800 at Safeway.",neg
has to go. bye  http://plurk.com/p/z2e6x,pos
taking a bath..and then go to the chruch!! ,pos
"not good, not good. ",neg
"@mr_billiam did you get your yabbies and your yobbos mixed up, or something?  ",pos
@peanut2468 basically i was going 2 go 2 ur casa as soon as i got my license but u wernt home so... ,pos
cold and flu tablets = EPIC FAIL. they dont even work ,neg
@TheWayIRoll I don't know where is she... but I miss her  ahah goodnight honey! n.n,neg
tired  and beleives early mornings should be illegal!,neg
"@dontforgetchaos aaah, sorry, you know i love you really!! hee hee  ;)",pos
@FredroC1469 most of the time ,pos
"Oven has been on since 3:15... that's almost 3 hours!  3 loaves (1 cinnamon bread) &amp; 2.5 batches of rolls are baked. scones, not made yet ",neg
"@Em_Love yes, and FOH played at my friends school  how unfair?",neg
man... I'll miss the JRuby on Google App Engine talk at #railsconf ,neg
friday night and no 1 to go party wit im a loner in my own country ,neg
"@Stella_Holman no, orkut? ",pos
"oh no, i need new work shoes...i broke this one! ",neg
@paulpuddifoot your pic/avatar is gone ,neg
"Ahh, I'm stuck... For my birthday I can either get a new phone (SMSNG Omnia) or I can get a Sky box in my room... HELP! Idk what to doooo ",neg
@jmaxxz sssshhhhh....I run both at work ,pos
Praying! I live like an hour away from where it happened. ,neg
at work  then back to my baby's house ,neg
going to 3 Horseshoes in Radnage for lunch with friends. Should be good! ,pos
don't want to do my maths exam tomozz  iv left school for good  why make us come back and do them ,neg
@KatiaDominos lmao yeah it is xD &amp; omg i put joe dancing to single ladies on my ipod!!! ,pos
"F to the Y to the I: I'm now home, but my stupid phone is still @ the office, so don't bother calling or texting me tonight. ",neg
@HURM the way i have been feeling the last few days and nights... i think i have conficker... it tried playing opossum... it didnt work ,neg
I am ill  And that when it's such good weather! Oh my english is so bad ,neg
out of smokes and broke as a mothafuckerrr ,neg
Sad that @mimigee will no longer be a fixture when i go visit NYC   Good luck at school!,neg
About to Hang out with Sadey ,pos
wtf happened 2 the sun?? its all alex's fault (quote &quot;Wot wud u do if it started pissin it down?&quot;) rain sucks ,neg
"at home, restingg ",pos
U still waiting for still update! I've been sitting like a mad man all day! ,neg
We can has OS 3 update?.......no we hasn't.   (shakes head and mopes away),neg
need rest but need Michelle ,neg
@tpphotography bonkers isn't it? Pocket calculator + photocell somehow = Â£Â£Â£Â£'s I've been looking for a reasonably priced one but no joy ,neg
@PollyPocket3 do you hate us ? ,neg
my car is dead........ what am i to do  Poor bug,neg
"Sorry, that last was for @popculturezoo Doctor who geek speak ",pos
@backstreetboys Happy b-day Backstreeets!!!!Hope you go for many many moree!!Thank you for ur amazing music ,pos
@whataboutadam My sis didnt get hers either ,neg
Morning to all! Hope its a nicer day where you are compaired to here. It's going to rain all day and the next 2 days. ,neg
"@dannygokey Awww, Danny. Sorry I'm late!  Who wouldn't accept the offer to teach you uploading?",pos
@RoseZag She's writing a book! It's good so far ,pos
@mark_hadfield That's the other solution.  But it then stops genuine people from following you spontaneously based on your tweets.,pos
@siamusic the land of replies is indeed a labourius place  at least you know you're loved!  xo,pos
Wondering if I should take K to the release of Transformers 2 tomorrow. I hate crowds ,neg
"Only problem was lack of sauce The sauce is awesome, but not enough ",neg
"@divestoclimb It lets me through, but then gives a &quot;Sorry, no exact matches were found, but other tickets may still be available.&quot; error ",neg
@Lifehigh83 I requested you. ,pos
Having a well-deserved Guinness ,pos
I can NOT believe my baby girl is 3!! I know I'm  lame b/c I'm actually sad about this!!I don't want her to grow up boo hoo ,neg
"@giloi2009 Yeah I got excited by seeing that changelog, then was bitterly disappointed there's no push notifications for Facebook ",neg
Everybody's laughing at my neon day-glow argyle socks. ,neg
@bowwow614 In your option i have to take tha nice guy ,pos
sunny morning ,pos
"waiting for my dad to pick me up. we're gonna watch a movie  btw, new photos SOON! ",pos
hates smart-arse rookie cops on power trips who pull you over and issue $189 fines ,neg
@WSOPlive we appreciate the unscheduled coverage. keep it up and give the crew a raise ,pos
"@sharathpatali right on ! Just bought this new computer, will be mig easier to get code done ",pos
i am so bored!!  well lets see i am writing my spanish paper and guess wht! schools over  FML!,neg
woot! i have 77 points on my subway card! 75 points is a free foot long!  going to get it now!,pos
@kimgoss i been saying that the past 2 weeks that i miss playing spades and drinkin chillin.. the good old days.. let me know baby ,pos
No mini vacations for the moment  Starting a week with different / many things to do. Thank you God,neg
i have no idea how i'm going to fix things with me and landon! i want things back to normal but i don't know how and if that is possible ,neg
@Chinkerfly they never said anything interesting and i always had to wade through dozens of their tweets to get to people i cared about ,pos
 well maybe next time my dreams with come true,neg
"BPHS Orchestra spring concert tomorrow night!  7:00 pm @ the PAC! Freefreefree! B there or B square! As Reuben says, &quot;It's instupituous!&quot;",pos
@regalaffair hey you are up early ,pos
@BevClement I don't think we talk much about Banks these days - not quite as respected as they once were ,pos
"Shout out to the Koblers... As Sure as the Dawn, here we go! Thanks again ",pos
i've watched titanic hundreds of times but leo dying still gets me every time. ,neg
@nickasaur hey nick  how are youu? x,pos
"Just edited about a million photos of cats, none of them for lolz. ",neg
"G'night,  I'll try to get on tomorrow! ",pos
Good Morning Everyone... grinding the beans to make coconut macroon coffee anyone for a cup ,pos
@emzsy I've come down with something. Had to come home from work.  feel shit. xox,neg
"It's brain-fried deadline time.  Dazed, unfocused, a bit of an out-of-body experience.  21 years ago, I would have paid to feel this way. ",pos
im like really bored. staring at my arms..the autographs are on my hands are kinda fading away. but the arm parts r still der ,pos
@yelyahwilliams why is franklin so sad?  everytime i hear it for some reason it makes me think of good times but im on the verge of cryin,neg
Not looking forward to work AT ALL today. ,neg
@SongzYuuup Heyyyy Trey! That's wassup! Take it over! Lol Have a good day in the VA ,pos
@spencerpratt Congrats on the wedding  I'm glad you waited to have a nice traditional wedding!!,pos
"@dbdc We should be confident, especially with our home form. King Is a big miss though, but I've got lots of faith in Dawson. COYS! ",pos
@Bran2110 eat a frosty for me ,pos
"@jodabone Cool, meet u there!  I'm gonna drive tho cause that's a long walk up the hill... lol. Before 9am they got Early Bird Specials.",pos
just found out that the Boston Celtics lost to the Orlando Magic!! FUCK FUCK!! What a way to start the working week ,neg
Feels partly responsible about the trouble in Iran cos his avatar STILL isn't green. ,neg
@radna  is jesus christ also tweeting I wonder?,pos
@TVdotcomAU Don't forget to watch @newinventors too! ,pos
Sittin on a train platform waitin for a train. Quite possibly hav just failed another test ,neg
"Slightly better version. Posted the wrong one earlier. Sky is still blown out, sadly  Love the shot tho http://yfrog.com/7grxqj",neg
were the ones who made you  x,pos
FINALLY won a game of Settlers Of Catan. Also booked restaurant for birthday dinner. Life is good ,pos
"is dreading work tomoz, wonders if everything was done correctly at close :S gonna double check everything b4 hand ",neg
@adaftscotslass Get 100 followers a day using www.tweeterfollow.com Once you add everyone you are on the train or pay vip ,pos
@Nassira yep.yep. day job is kicking my butt at the moment. ,neg
Together with michael. We just decided to cook some breakfast together. ,pos
@MissCaseyB I know what you mean  rain sucks...,neg
*sigh* more boring history to do ,neg
@AIIisonIraheta What's up!? You rock! ,pos
uploading photos from photoshoooot  guitarist is uber persistant..they're coming!,pos
today was just SPLENDID!!! ,pos
major focus issues in rehearsal today-wish i was outside so bad  cant wait to bbq hope 2nite !! come on 6 o'clock get here already,neg
in Rome and it's raining ,neg
Foiled again! Being dragged out by parents at a moments notice. I want to draw! ,neg
I wish I could sleep ,neg
@_Enigma__ I say stick to your guns...it will drive the women crazy. ,pos
@LeahJKelly  that sucks.,neg
@dreamergirl17 no  wayyy to much hw I gotta finish first. And it's way cold out!,neg
@markmejia and @albertposis just made my day  luvv deemmm!!! haha,pos
@MothersAnthem I have a request! Play Structure of a Heart tonite please ,pos
"i mean, i thought i was supposed to be like, excited and happy at this point, not stressed ",neg
@mosesma You strike again with your article on twiter !   http://bit.ly/Ob9HA,pos
is so tired from my workout..plus.. waiting to get some work soo bad.. UGH&gt;. i hate not having any money .. so much outcome and no income ,neg
"@brandonwalowitz Aww... I hope you change your mind about Twitter. If you ever do, I'll be here reading. ",pos
http://digg.com/d1twJ0 sad  i was rootin' for her!,neg
@RobinBrown78 You mean you're not a celeb? only followed you thinking you were related to Gordon silly me ,pos
"I just finished following some people. Gah, I'm so tired. Goodnight Tweetpeople. ",pos
"@jack_herer  Hahahaha, what snow??? Still nothing  ",neg
@dages58 lol after this weekend yea ur right  text me cause im goin to 3rd and they dont have computers there  bye bye,pos
@EdMunster I know don't remind me  ha,neg
@giraffette special eddie pout is bloody fantastic. enjoyed it very much. thanks. ,pos
"@JELuttrull Thanks   Yeah, I was watching it a bit earlier, but my heart wasn't really in it.  Shocking, I know!",pos
"@sakurajewellery yeah, it's awful  he woke up doing this little cry'y mewing sound this morning, half asleep  How are you today Hun? X",neg
We're watching Magic game at home... Hopefully they win so we could go to Orlando for Final  miss Orlando very much...,pos
I don't want my sister to go back ,neg
Feeelin Pretty Shitty. All She Had to Do Was Txt me once to remind me why i fell For Her. Why Must She Fuck With me like This ,neg
I miss my Brandon ,neg
Off to class! ,neg
this is embarrassing who wants to set up texting via phone for me cuz i can't ,neg
"@vysh_doss Good stuff, ain't it? Yeah, you told me about Aamir. And you already know what Rendang is like reheated. ",pos
"@Dj_Phat awwwwwwwwww, that's how ur doin me now?? lol makin fun of my spelling??  i'ma beat u up when i see u! lol",neg
@kareemdmapantz maybe tomorrow. hahaha i miss youuuu! you have a cam?! ohhh yer laptop! ,pos
@xxkamm oh man you hardass  x3,pos
Lazy day. Can't wait for maneater tonight. The book was awesome! ,pos
"I can finally go to bed now that I know who gets the gold logie,  im disappointed it wasn't rove though  ",neg
"@MSPMike Okay Mike, you have great photos, but can you take them right-side-up?  I'm getting a neck crick!  ",pos
seems like a nice day-guess it's off to the park with my lil man ,pos
@mattsmind that's cause they are. I adopted them when my pup got into the nest &amp; ate the others. ,neg
Not feeling it today ,neg
@Mitchley Oh noooes! Cos of lodging with family I try to avoid getting one after 10pm... prob just as well ,pos
"@TeachJoanne you deserve it.. enjoy.  the fact that you didn't break a nail gives you some superhero status, btw. *smooch*",pos
ahh computer class with tori and geena  watching TH HANGOVER later with torii ,pos
@BrianLimond ta. we're not all racists ,neg
@JaneYee isnt traffic fantastic &lt;insert sarcasm&gt; ,pos
GAMING UP A STORM TODAY! ,pos
iPhone 3GS and N97 launching in Australia on the same day. Feel the marketing hype kicking into overdrive for the next 2 weeks ,pos
@IndyAmanda Sounds possible  It even looks so confusing u dont wanna try! I have to use it at school and I always mess up everything,pos
wow i never thought i would have 30 followers. thanks! ,pos
@souljaboytellem I would have to agree with you on that ,pos
God I wish I was still in America ,neg
God damn why does my knee hurt? ,neg
"I heard plants can twitter, too. My little acorn-tree &quot;yusuf&quot; would cough if he could. He's really ill. ",neg
@wreckdagaffey very Cruella Deville of you ,pos
"http://twitpic.com/7rish - i miss wearin' that jacket... i love the fur, i miss it ",neg
"went to the Blue Room, saw a bunch of awesome sea turtles and ate a huge fish eye with Justin and Sayer  I love family camp!",pos
My better half is tending to the balcony jungle...She's planting herbs ,pos
@greekpeace I LUV buying children's bks (well all bks really... Its an obsession!). Good think its part of my daily job to buy/read them ,pos
Awww it all worked out in the end ,pos
@getmerohit poor sutil.... tried to hard to maintain his position ,neg
lets blow stuff up ,pos
Church Sign:  Heavenly forecast - reign forever!  ,pos
@tephanyanne That's good. How are you feeling? ,pos
@lolhayley ah i see well i rekon we must be annoying aidan with our twitter whore antics :L cant find anything to watch on tv ,neg
@veronicasmusic Yessss UK soon! I have been waiting for years! Come to Scotland ,pos
@jamieerinw I'm a horrible person and still haven't posted your letter ,neg
"@Newy_ShortStack Hahai was gonna say xD shes absolutely everywhere, its hard not to have atleast heard of her. shes great ay? ",pos
uhhggghhhh....sick is not my idea of summer fun ,neg
@annakiss I'm based in the Netherlands. But still on my bucket-list is a trip to the UK/London. I think otherwise of the photogenic part ,pos
@everydaystrange very exciting stuff! I'm taking my mum to get one for her birthday this year. She's gonna be 60 ,pos
im so sorry you guys! i've been shooting on the lake all week and my phone had a tragic accident! it went to the bottom of Havasu ,neg
@gipsy_dreamer I wish you luck! *hug* You can do it! ,pos
@TomFelton so will i  TEAM DRACO !!!! whoooh.,neg
@Gioiaa why do i never know when there's a new chapter  remind me tomorrow please! no time now ,neg
@PHAROUT85 just looked it up. the construction was funded by NY municipal bonds which will be repaid by the mets... ,neg
"@tweenkle77 @aileen2u2 @WTFJAY @meghanwood @MisterNoodle according to tweetdeck, I am my only friend ",neg
Lions lost against South Africa 2day...  but we gave them a good match next time we will win ! xxx,neg
"auchh, drop by 1  (23)sulumitsretsambew-id.com",neg
is in love with Mr Darcy but he's already got a gf. huhu.  le sigh.,neg
Home from Wal-Mart. Groceries were somehow cheaper this week...and I'm so not complaining ,pos
@kindstrangers GRACE! we better go see patrick wolf next year. im still super sad we missed the concert. ,neg
@cassiyang crash but quite obviously i'm still awake. gonna study history later. 12 days more to terms!! are you feeling better now tho? ,pos
"@Rob_Cohn @Eric_Chambers tea is just plain good for you  white, green oolong and black (all the same plant you know)",pos
"gonna watch the MTV awards, too bad I'm not there! ",neg
I adore the mornings when I bawl for hours because I feel so hideous.  Say one effing thing about inner beauty and I'm unfollowing you.,neg
"@Donnette Thank You very much! I'll be ready to write and write, but now seems for nothing, I don't know how to distribute ",neg
"@treesyjo yeah, just go to the county where you live. We got out license in multnomah and got married at the coast! ",pos
@euphrosyna reality is always shocking. . . ,neg
@KalebNation my name is Ashley ,pos
Eli in the ER  they pricked his finger for blood sugar and he was trying not to cry http://twitpic.com/67z2q,neg
Nooo we leave in 2 hours ,neg
@mumalot I corrected myself ,neg
shout to the homie @stepheezy for the #ff love. even though she's too cool to follow me ,neg
Helping out @ Corner Stone tonight ,pos
sat listening to the rain tap the window ledge an about to have a shower seen as there is nothin else to do ,pos
@pjmaybe looking forward to inFamous. 'been trying to get through Mass Effect but I have a feeling it wont get a lookin' soon ,pos
Exams soon ! ,neg
listening to eagles call on Catalina Island...they are almost ready to fledge ,neg
@misshelen20 now I seem to have no pic at all ,neg
Must now learn english for testpaper tomorrow. BÃ¤Ã¤Ã¤Ã¤hhh  I have wrote Autumn Reeser an email!!!!! Hope she answer me......,neg
@likestarlight I like this icon. Your eyes are awesome in it ,pos
&quot;There's a stick thats gonna kill me!&quot; -Emily ,pos
@kyuhyunnie Less games?  Aww...That must be hard for you...,neg
"wake up in Paris, but it's grey ..  need more sun !!",neg
"@aalikesness No doubt, let's make it happen - hit me at fuseboxradio@gmail.com! ",pos
@Maximilus LOL seems someone put the bulls eye on your back... ushikwapo shikamana ,pos
@cinemabizarre http://twitpic.com/3tl66 - aww kiro got cut off ,neg
@PerfectEnigma . . . from the frig. . .but im sure i could have just went and told you that in person.   lol,pos
I'm out... *kicks Twitter*  ,neg
"@integratedmom R family enjoyed the travel ovr thr, FlagStaff AZ, &amp; the 2 wonders of the world!  They say many r moving thr from CA.",pos
"omg, telkomsel BIS is down again! again!!!  thinking of changing provider ",neg
most def   hey mr.jackson !,neg
"@MolotovCupcake What type of dog is it? I tried to name my dog (half chow, half lab) Moogle years ago but that got vetoed ",neg
i have the flu. ,neg
still cant sleep    i think im hungry....lol,neg
I'm so glad I got to sleep in  Prom was incredible! ,pos
"baking &amp; packinggg, then cristinas staying with me tonight as usualllll, PITTSBURGH in the AM to see my giiiiirlllfriends ",pos
well just had a minni thunder storm   so scary ok not that scary but hey,neg
"@Jotebro yw, keep the good stuff flowing ",pos
&quot;You're so indecisive. Or decisive. I can't decide.&quot; ,pos
day trip to Neuchatel ,pos
Today's a big day ,pos
"@neilhimself  The weird Coraline cover is the result of CMYK images sent on a RGB way, so it all weirds out.  Just open with Photoshop ",pos
"time for a tanning session outside, then shower, then PROM! so excited ",pos
"Well, let's not forget the manaction. Then it's more like 55 minutes. The man action was alright. 6 out of 10, I've seen better ",pos
@shullygully yeah i watched the game! haha. felt really sleepy throughout the game though. kane must be depressed ,pos
i didnt read cuz i felt to yucky so i had a yogut and that just made made me feel more yucky..damn teeth  and now i dont know what to eat,neg
"@pythons it's a PT cruiser, sort of named itself  sad but moving on to custom skate. Might call it Rolly :p",pos
since I'm all over the map now - Bryan Ferry covering one of my fave Dylan songs  â« http://blip.fm/~7r7ih,pos
VISA process for SAUDI is messing up my week. Not sure if I am going to Effat/Jeddah yet!  Over 40 so fingers crossed. ;-),pos
@BearTwinsMom thanks sweetie! ,pos
@pogue  I was making a play on the term &quot;virtual seminar&quot;,pos
morning tweeple. London is awash with precipitation. ,neg
"still with my mother, i wanna go homee ",neg
@allieraebot r u feeling better? i really hope so..  im sad u were sick...,neg
just stepped on un chicharrone....crumbs ,neg
@JackysPoodle Bless your heart - you're such a good liar and my fragile ego is so thankful   haha! x,pos
"@babygirlparis hope you have a great weekend,Paris ",pos
"aww, man...oh, well - had to work friday anyway ",neg
beach trip and a show ,pos
@TessaDare  LOL. Mine is 6 and I know yours are younger and you have 2. Hopefully I'll hit that time before you. ,pos
@Footballwife your flower is cool.  I just didn't expect it... lol   THanks for the locator link!   i'm craving ice cream-cookies &amp; cream,pos
And it is coming soon ,pos
"aw so sweet froz yogey on a frozenass day. . .@Shaboobie &amp; @suupkamo, yall wanna get scooped up? bamfs minus you 2 righ now! ",neg
Off to bed.  Goodnight ,pos
"I wish there was a forest trail right outside my house where I could walk, hike, bike, and explore! Buuuut I don't. ",neg
"great night ... drinking beer and watching signs , and i'm HOME ALONE , it's 11:38pm and pitch black outside.... ",neg
 An effin lightening scared the sh*t out of me!,neg
@BambuDePistola Don't worry. They are fresh outta bootcamp and I got me a war vet - there's no comparison ,pos
why did ian leave the cab ,neg
sitting -- feet are in pain  from concert..but it was worth it,neg
@Armywife515 Ohhhhhh.....hmmmmm...I think Saturday should be about food!! hahaha...I am not sure..Guess i could start that ,pos
"would love some sleep, but no, can't afford it ",neg
Final exams are over!!!!! All we need to do now is relax and chill ,pos
Playin around online  Colds definately do suck !!! Annoyed and about to get up n make lunch,neg
iranian election much more interesting than transcendental idealism ,neg
@bobbi10100 of course i do  xxx,pos
didn't dare to go in my own room for like 15 minutes just because a freaky lizard was on the blinds. GAHH!! WIMP!!! ,neg
@qillerm flip your flip flops then ,pos
@holyghost_girl: @2pach?! Well you let him be your bffl  ,neg
"@barefoot_exec @MariSmith Wow, you two passing in the skies over Chicago....certainly a rainbow will appear....or a bolt of lightening! ",pos
Just got home ... (from school)... bunch of homeworks again... ,neg
"Is not going to San Antonio this time  However, will get to Houston sooner than planned",neg
is at lunch and time to catch up with things on the social media front... Wednesday work day almost over ,pos
@dungodung I'm all ears ,pos
@kerstyn_smith Aw. Love that song. ,pos
"http://twitpic.com/5dd11 - @DavidT2006 here's a shot of me baps, they don't taste as nice as I thought they would ",neg
Rainy day blues.... Wish I wasn't enrolled again at school...  &quot;walang pasok bukas!!!!&quot;,neg
awake messing around on the computer. gotta work in about an hour ,neg
@demib hopefully they are just followers rather than stalkers ,pos
@thekhris you're probably not but you're only one I know that dances in there undies on twitter LOL ,pos
@shabzcohelp can I have it ,pos
About to see Up 3d! ,pos
What a yucky day  needs to snuggle again...but ur nowhere near  &lt;3,neg
@susiebubble Your emails are not working it seems  x,neg
@Wossy Woo! Love Hugh Laurie! Have to be watchin the show this week ,pos
So it's official. @TerribleD_UOE hates me because of my gay jokes. My good mood is gone. SAAAAAAAAD ,neg
"Overly emotional, tired, and I have a headache. ",neg
"I'm hungry.  I'll eat noodles and nothing but noodles, is that bad?",neg
@ceo08 by switching off tweetdeck and using twhirl ,pos
@AIMEELILY Hey i just want to say that i think you are an amazing performer and thankyou for inspiring me ,pos
Rachel over  stayed last night  out to the park again today ,pos
"@MissGC : You should!! It's highly recommended!! XD Oh, some people said that @BrianEHanerJr was an impostor ",neg
"@alexakim LOL... my bad, accidentally deleted it on my work PC, can't get it back til this evening  bad pic anyhow",neg
My hurt just started again inside  thinking about everything makes me wanna go rawr!,neg
"@tooclevername to those with hammers, everything looks like a nail!  ",pos
@FireMom Taco Pie sounds kind of heavenly ,pos
@shezzitta thanks for the links to back to life - looking into it right now ,pos
@maych88 : here in Bangalore also ,neg
mourning because i can never share moose tracks with my best friend ,neg
I'm trying to show @chrispirillo how awesome Woopra is! Help me by going to http://www.geekbrief.tv right now! Thanks!! ,pos
"THIS IS ORIGINAL FROM YOURS TRULY...  &quot;If you want to become wealthy, learn the things most ppl say they don't have time for&quot; -ME",pos
@djksly what no daily quote?  was lookin fwd to it mami,neg
@carloslamona I do too and I miss that. Phone date this week ,pos
@sociaIIyawkward  Hey lady!  How is your day!  I say little makeup!  I dont like to wear a lot unless I have too!  ,pos
@FreddysFingers there's just no place for a little Ninja Bunny in Campbell ,neg
"i saw an extremely big insect and when i wanna hit it, it's gone! ",neg
cant wait till westlife cum back am missing them soo soo much  x,neg
@racingleager thanks for the article on danica ,pos
"Checkin out Tropic Thunder and eatin Corn Pops...oh yeah, its a good nite ",pos
Hate it when I find the perfect pair of jeans online only to find that they are $178!!!  makes me sad. Hello! Skinny Jeans are so perfect.,neg
@Edomed hahahahahha...this one is best  hahaha...hope ur doing ok take care,pos
Just cleaned my room ,pos
"I'm saying goodbye to Sydney for a few days, and Hello to Rapeville.... I'll miss pretty ",neg
It feel so good when doing something you like is working  (and making money),pos
"@JamesDeen you mean she didn't get you chocolate ice cream, or like...chocolate chip? solves the ice cream &amp; chocolate need ",pos
@tylerhilton Thinking about coming to Sweden? ,pos
@GeoffLloyd i've a big crush on her! Find out if her fan's broken for me ,pos
going to be live blogging the #freshnet session over here -  http://twurl.nl/ynxqkj - hit refresh every now &amp; again ,pos
@LadyOfDnB so i just got updated with the js blogspot thing... thats so retarded ,neg
I have plans for today and friday wiff val n charweee ,pos
good morning babiesss. i don't feel like straightening my hair that takes 45 min. ,neg
@davewhittle and by the look of the fog... you won't be coming any time soon! ,neg
"I miss Jordy Wordy  ew, its father's day.",neg
online marketing Mission Statement or something like that  | psykoid.com http://bit.ly/TV22r,pos
Kinda cold to be laying out poolside ,neg
@mileycyrus you can miss out SCOTLAND on your UK tour ,neg
"i feel bad for my brother... he graduated high school yesterday, but both my parents are here in egypt with me. he was all alone ",neg
redeorating my restaurant ,pos
Stupid phone got retarded today and now so sad over lost pictures. Bye bye past few weeks... ,neg
"happy, sad, excited, nervous, is there a specific name for it other than complicated? huh? oh yea, GRADUATION! ",pos
@yunglarry LARRYYYYYY YOU NEVER RESPOND    HAHAHAHAHAHAHAHA,neg
says good evening plurkess!!! http://tinyurl.com/deg3ve http://plurk.com/p/swfzh,pos
"rode the edge of the storm home, some hail, but as soon as I got through the door, the skys have opened, off to walk the dog in a storm ",pos
"@simplyamee  that's pretty bummy....  your app was in first, so why don't they push another pup to them?",neg
"teary-eyed, hoping my cousin will find the strength to stay alive from cancer.. ",neg
&quot;God only gives us 1 life - don't waste it on a loser.&quot;  ,pos
just played uno and im tired but I dont wanna go to bed ,neg
laying down with a horrible headache ,neg
"@PinkBerryGirl yes very true! the food was awesome  got my jumbo onion rings check my twitpic for a pic of them, lol &amp; philly cheesesteak!",pos
getting to roll out on his 255/70/16's yeaah im a white rapper ,pos
"@JasonSco good morning jason! yeah, ME TOO! i went to bed @ 1AM and get up @ 6AM. i'm very tired too  still have a long day ahead tho lol",neg
@catts me too ,neg
"omg. I haven't been on here in ages  Well, I'm starting to come back slowly but surely. ;3",neg
"I hate old RM cases, one just bit me ",neg
"Congrats @ashleytisdale!  @mileycyrus youll win for Last Song eventually, girl, dont worry!",pos
@darker_artic yeah...maybe one day it will pay off.  have a nice day,pos
@lenier you still giving it to the blues tonight tho? i reckon first try decides the game  #origin,pos
oh yay torchwood has gone up to 20% its so slow ,neg
"@chadxhatred that sounds so redneck. then again, you ARE from kansas! hahaha ",pos
@AlanCarr lookin forward to chattyman. the book was well  funny!   x,pos
yessss @Jonasbrothers have done a video for Fly With Me ,pos
"hungry,tired,yet in a great mood! ",pos
"New tegan &amp; sara video, ROFL! Genius  How is everyone this...not so fine saturday?",pos
"At Meg's, Neck Ache From Plugged  xxx",neg
I'm leaving work now. Trying to decide if I return on Sunday afternoon or Monday 4 am to meet a noon (UK time) deadline. ,neg
"@danspace Missy Higgins? Ugh, call the police! ",pos
@jamshedwadia want to shave your head?? ,pos
@SimonBob Nobody cares about grammar anymore. ,neg
"@stephenfry Oooo, Sound's good ",pos
@cassandra2603 God what a cheery chat has he somehow can back into the news ? I know about Vera Drake hmm not pleasant  x,neg
thanks for your support @stevebeasant ,pos
"Awww man, I woke up sick ",neg
"after smoking for 16 years , i have now not had a smoke for 4 weeks and 1 day  woooohooooo happy days",pos
sooo im up and out! out with my peeps. i can tell its gonna be a early night. wishing i was caked up instead ,neg
"@NoraReed a year ago, after our move, we had tons and tons of packing material. Didn't save any, though ",neg
i wanna go to the manchester apollo! ,pos
@fionamccarthy Thanx hun ,pos
@pinkymcsian YES bloody work ,neg
"http://twitpic.com/6v42q - Busy day at Genesis Bicycles in Easton, PA. Got in a great ride, now hubby has some shop work to do ",pos
"@shannamoakler http://twitpic.com/7s8p5 - Yeah that's the story of my life, and that pooor puppy ",neg
Excuse me @btubquiz - can has interesting question please? Afternoon = bleh  [*nudge nudge* @lexiphanic],neg
@bryanchin87 @prakashdaniel I choke on Shisha  Safa still?,neg
@xnattsx not top bad thanks  and you?,pos
must get my butt out to see more shows/concerts. Last one I've been to was Spice Girls ,neg
"Oh no, was meant to go to the post office before it closed  hope they don't return my package",neg
"@MissMillions lololol...Good afternoon Miss MiL-Li-YONZ  Long night, ay? lol..Hope you're feeling better..",pos
"@vampirefreak101 Hey thanks a lot for you coverage in Motepulciano,  congrats girl!!!!  You make me so happy!!! ",pos
"@modus_operandi what is zaceed!? Also, nice tat @markdamgaard. ",pos
@thehappyhours I'm so sorry ,neg
"quote of the day:people maybe won't remember what you said or did, but they will remember how you made them feel... ",pos
My favorite part of the Tonight Show w/ Jay Leno is Jaywalking! Loved it! Will miss it! ,neg
Just got home. About to leave for another grad party ,pos
@zwalkk could you make yourself look like any more of a stoner punk?! sheesh.. let me remind u: 4/20- not a real holiday ,pos
"holy careful cropping, batman!    http://bit.ly/iNjhI",pos
"@writinginrain lol, i have too many favorites. thanks tho. ",pos
"My god this book is like listening to a record on repeat 170,000 times. I GET IT! AID TO AFRICA HASN'T &amp; WON'T HELP. Shut The Fuck Up! .. ",neg
@WeirdKidd its never too early or too late ,pos
"Ugh,my laptop randomly stopped working...*Panick*-Oh no,what have i done?! ",neg
@Mickie_1 thanks ,pos
@minamic: Very true. ,pos
hung with the boy. tomorrowwwwwwwww;; seeing Up with emma and Bribear!  i'm so excited.,pos
@MissJoJoSmith Aw poor Subo ,neg
@KickingBuckets paul has a huge yin. Like a baby's arm ,neg
@LaMisty_Elite the mikey worm! It's a virus. Some kid hacks into ur acct. I don't know how 2 get rid of it! HELP!!! ,neg
My ppl already at Carribean Fusion... heard its poppin... ,pos
@nerdydork LOL! the thing that sucks for me is that I almost got my nose pierced today but I couldn't since i'm not 16 ,neg
@romaiel Not a good time for a relationship.  Maybe a good time for a few flings though. He's young. She's young. They've got years.,pos
still recovering from this weekend.  at least I'm off today...,neg
Finally done all my coursewrok thank god! Time to chillax ,pos
I have got such a sore stomach!!! At home sulking ,neg
off for a BBQ this aft! ,pos
@nantastiic she was in a coma after a car accident ,neg
watchen the FRESH PRINCE OF BEL-AIR...still missen da hubby.. ,neg
"is asking, does Kris Allen has a Twitter account?  ",pos
"@tferraro @soverpeck @rhetter ACTUALLY...a potato is a tuber, but it's also known as a root vegetable...hey I'm Irish and know my spuds ",pos
"@NathanFillion im watching slither, its 4:30 am... im gunna have nightmares (worth it though lol great movie ",pos
New on Etsy: Baseball stud earrings 7$  http://bit.ly/7S33G,pos
Is going home late today after tiring loooooong day of work..... ,neg
@boomx17 hey nothign have you checked out my website yet? ,pos
Eating dinner with Tubby. He doesn't want any cow's tongue ,neg
@zara19 I tried convincing my parents but it was no good. They don't want me to have a pet ,neg
@3aneeda ma 36ach ma 3a6anee... the QUEEN of online shopping ,pos
@sarah_cawood I've fed the rays off Grand Cayman. It was awesome ,pos
JUST ME AND THESE FOUR WALLS AGAIN la la la la la..................... screams! i dont like thunder! ,neg
"@kd0bik not great this morning... got a stomach bug and was sick.... but doing better now, just laying in bed reading tweets! ",pos
"lol @rosiehancock Misunderestimated - whats wrong with that word? Also, been thinking bout your harsh truth and I have to say u are right ",neg
@Theprettyartist I undestand the 'vicar types' comment now ,pos
@lakersnation went 2 the 3rd one in grade7. dat was unforgettable. Maddog was dancing n everything.  i seriously want a parade dis year 2.,pos
@catherinequinn9 wasn't doing anything particularly interesting just did the school run with the kiddies haha ,pos
Sad I still cant seem to preorder a sim free/payg 3GS. Get the impression because I'm happy with Â£15 p/m instead of Â£30 I'll have to wait ,neg
#followfriday wonderwoman @VelcroShoes is seriously the only follow I recommend she's ultra COOL!  enough said FOLLOW HER! ,pos
"@onesugarplease had an awesome weekend thanks, lots of miles on the bike!  hope your paella was good ",pos
Sick daddy  send prayer his way,neg
@worshipmeonly haha her reality show was pretty hilarious! ,pos
+ICU+ the countdown begins! This Friday @ the Dragonfly! ICU on da dancefloor ,pos
It's raining fucking harrrrrd. ,neg
@ work  wanting to be at the fight with the rest of the guys.,neg
Oooo Kardashians is on twice ,pos
my sister's friend threw something at her head &amp; now it's bleeding. ,neg
@tr74fpp Get 100 followers a day using www.tweeteradder.com Once you add everyone you are on the train or pay vip ,pos
will get blackberry this sunday !!! ,pos
The real estate market in Tulare county is so awesome right now!  Lots of buyer's &amp; not enough seller's...that is my problem right now!  ,pos
"Ok, apparently BOTH broadcast sites are killing my machine today, so broadcast called off. Sorry. ",neg
@annaoboe I feel guilty for stealing your Hart tweet now  I don't think he will actually reply an answer though,neg
"great run tonight, now off to bed.. got to get up earlier to do my morning workout.. gonna be a long day tomorrow! got to go back to work ",neg
"On my way home, giving twin atlantic a miss. couldnt even get into the courtyard they were in. Thats twice ive missed them now! ",neg
I know I've said this a million times before but...I really wish I wasn't allergic to hair dye ,neg
@TheIntriguing1 I think it's more of a respitiry infection ,neg
@nadalnews that's awful ,neg
@fromtheold is that like the sequel to Mathematica?  I like a lot of what that guy does.  Seems to be a bona fide genius ,pos
@KristenLihos want to come for dessert? ,pos
"@persiankiwi are you able to upload?  Otherwise, DM me ",pos
This One Is For You - Free Marketing  | MangoOrangeï¿½ http://tinyurl.com/p5nssr,pos
keep having bad dreams these days...can't sleep well ,neg
someone needs to bring be drugs. i wish to not have a sore throat any longer advil/tylenol seem not not work anymore ,neg
"happy at last! I have a picture already here in twitter,,, ",pos
@pattiblaine Thanks! I'm trying to be a good patient ,pos
"Lastnight...FCKING SUCKED. I balled my eyes out. I miss Alex a lot  &amp; Marybeth's a bitch, and no, I'm not cencoring it, &amp; IDGAF.",neg
@Edwardo01 awwww what a shame... cant get that picture to work ,neg
"@chrisaffair haha, I AM! but beware, its addicting ",pos
"@sweet_exile It really is quite a while!  Oh well, preview next week.",neg
is really BORED!!!   http://plurk.com/p/13cyrd,neg
im trying to convince alexis to stay up with me and ryan... i dont think its working so well! ,neg
@mattfincham OH NO! not Tony  me sad now...,neg
@ObsessedDiamond http://www.alexandraburkeofficial.com/forums/ click 'register' and you're away!  Don't forget to introduce yourself!,pos
I swear there is something in this house that gives me THE worst headaches. ,neg
@betsymaebartlet hurts even more when it's one of your best friends ,neg
@do0dlebugdebz of course! Hehee live the manga. Tho I haven't read all of em'  one of the best shojo's EVER.,pos
Thanks to the following for their awesome input: @StealingTheSun @ElizabethJoan @Schonste @ms_treesap @Beaudine  Thank yous &lt;3,pos
"@lolitztoeknee Awww, I'm sorry ",neg
I'm driving my JellyBean and eating them at the same time LOL dassss igggnant but cuuuze ,pos
"#weekofwin I WON 2 sim cards  the blood the pain... I'm upset, feel robbed, but will continue for my search... N97box reviews to come ...",neg
typical - went home and got changed.  put my rugby jumper on cos i thought it was a bit chilly and now the suns out ,neg
@fashionismo ahhhh &quot;Sold Out&quot; ,neg
23 or 24ï¿½C possible today. Nice ,pos
is wishing you a lovely evening ,pos
"@FzMcFadden No worries, was looking for some retail activity  Thanks though",pos
Stinkin' Rushkies score  1-1,neg
Having way too many issues with my macbook pro. and its been 4 days since i got it.  Going to the store tomorrow.,neg
Finally at homeeeeeeeeeeeeeeeeeee ,pos
"@garethb2  That's awesome, much love for the Gareth clan.",pos
@keza34 @pob34 dont worry  @Dojie likes me really ,pos
@JenBunnyy i read jon and kate filed divorce papers this afternoon  plus a possible custody battle...i feel so bad for those adorable kids,neg
mandy doens't even like noodles! that's insane! ,neg
Doing my hair with my icky thumb was a challenge. Accidentally banged it and it's started bleeding again ,neg
"@10rdBen That, Sir Abraham, is a fantastic approach. Thank you. ",pos
"@hotlantabuzz â¢ *blushing* Me too, me too!!!  Hahahaha",pos
"hillsong tom. night, and dad's birthday! i wish i could see him on his bday though. ",neg
hate my sis ,neg
"@Dribbby me too, its bad isn't it? doing well on your biology?  http://myloc.me/2hBr",pos
I am so stressed ,neg
@laurensbite What the....? I am so jealous! Where do we go for coverage? The &quot;go here for details&quot; wasn't clickable   Happy 4 you!!!!,neg
#Haveyouever dated a guy who has a better looking brother...dam this always happens 2 me ,neg
"@ABBSound Ð´Ð°. Ð¼Ð¾Ð¹ ÐºÐ°Ðº ÑÐ°Ð· Ð¿Ð¾Ð¶ÑÐ°Ð», Ð·Ð°Ð»ÐµÐ· Ð½Ð° ÑÐºÐ°Ñ Ð¸ Ñ?Ð¿Ð¸Ñ. Ð¾ÑÐ°ÑÑ Ð½Ð¾ÑÑÑ Ð±ÑÐ´ÐµÑ ÐºÐ¾Ð³Ð´Ð° Ð²ÑÑ?Ð¿Ð¸ÑÑ?Ñ? ",pos
UP in 3d movie date ,pos
"@VintageQueen1 ooooh, poor megan.  braces aren't that bad...",neg
Damn you bbs there is no parking ,neg
"After 3 days of Safari 4 it seems as it finally grew up, and Firefox got fat and old ",neg
@SaschaScarpulla i grew up with a siberian husky - spoiled me for life  love the name Valentino ,pos
Any plans for this weekend? I'm going to Tokyo. YAY! I can't wait for shopping at Forever21!!  Gonna have a girls night. maybe;),pos
"@mitchelmusso, but the previews are still awesome! ",pos
"At work, protecting the innocent weak from the guilty strong.  ",pos
"@jakeashley http://twitpic.com/6gcq4 - it's freaking awesome,haha love the monacle ",pos
I think a homeless person took a bath in my mouth while I was sleeping ,neg
@JD_Faery battery pushing will be a global phenomenon by 2012 trust me ,pos
@erincampos the rain is in the jar. my stupidity included ,neg
@Lipvixen Did your Curves Lady look like Summer Glau?  Knowing the answer is probably 'no' ,neg
MMMMM.... i-ceam woo finished the preface of twific production ,pos
@TheEllenShow I wish I was in Chicago ,neg
@MarianSpier I want to come to the lecture so keep me posted ,pos
Busy Busy weekend! Wow! Just finished a cake smash shoot for my son's 2nd birthday this week. Messy fun was had by all ,pos
@MupNorth better than this place...ew   i just need to ask about the area..i really don't know london...oh also if they allow pets!!! ;),neg
"i ask ah man why life so boring, if its because we poor ppl. he said YUP WE = NO JOB, NO MONEY = NO LIFE ",neg
"@BondiVet Sean has something for you, make sure he passes it on this week... ",pos
@smilingme76 haha thanks ,pos
@TJThyne Congrats on the renewal! I'm so excited that I get to keep my &quot;Hodgie&quot; for at least two more years! ,pos
I'm home. . . . . ,pos
Chilling in the garden ,pos
"@michiev why, thank you!  ",pos
"@umado Sadly I didn't have a Fred, or a Barney, or a Betty   Pics will be up on the BBC Cornwall website tomorrow!",neg
CL Sweet ,pos
feeling a little crafty. ,pos
"aww mann, my i-pod ear phones just bummed out. damm u apple!!! ",neg
@jo_whit  Of course I do.,neg
Summer of checking out colleges back east for &quot;T&quot;. Graduating class of 2010... Holy shit!  ,neg
"@wendywings hehe, better than nothing! What did you end up baking? ",pos
@sherwinsteel and I still didn't get anything ,neg
"@nellleo If you have any Lotus Connections questions, let me know and I can answer them! ",pos
"@Pandaran Coffee, for now!  I probably have enough tequila in my liver to tide me over for a while ",pos
I wish today was bagel day ,neg
@bethbabezz did you have a good time at the party beth? ,pos
"@tommcfly  Tom, I guess you aren't photogenic, because you live is beautiful, perfect. you surprised me ",pos
yay new addition to my sims family!! i dont want the baby to grow up ,neg
Hair came out ok...short and sassy ,pos
Download Opera Browser Free! Supporting Web Standards   http://bit.ly/w1WIR,pos
hungova n feelin very sorry 4 maself!! had a wicked nyt wit the girlies tho! luv them soooooo much ,pos
@rockinrose theres no such thing as chicargin ,pos
"siting on my TI lessons and finishing my movie.  peace kids, bless ya ^^",pos
"@stepheneyre Also ill, wishing to be at home having tea and soup. ",neg
@KSBong  Scrabbles fun.. pac man makes me nervous to play.. those stupid little ghosts chasing you  are you playing scrabble by yourself?,pos
All of the rollercoasters I make in rollercoaster tycoon are considered ultra-intense  I'm just too extreme for them...,neg
@augustjoki @ryannielsen Office printer does not work for us- Canon MF4370dn - improperly installed driver error ,neg
I've prepared My School Thingy. ,pos
Feels like shit and can't get any sleep  meh,neg
@jarich The latter ,neg
@mactavish no worries   I'm told a Twitterific fix is just waiting for Apple to get around to approving it.,pos
@DaisyReyes ohh ok! thanks! i'll add you tomorrow! because i'm too lazy to open my ym! hehe! ,pos
@DENISE_RICHARDS you looked beautiful!! ,pos
Walk is canceled today       It is pouring in Olive Branch.,neg
"@girrlonthewing Ha, well you'd be surprised at the things that will keep people busy for hours  and I want a kitty too ",neg
Some dark clouds in #indiavotes #indiavotes09 #India #election : vote bank politics and dynastic politics / sycophants still rules. ,neg
@wolfgnards awesome. Thanks for letting me know. I look forward to getting to know u. I am going to follow u now that I know who u are ,pos
I left my heart @holdenbeach  Hoping to go back for a couple of days around the fourth,neg
I wish I had the Sims 3 ,neg
